File Name,My C&W Cost,OG C&W Cost,Status,Column 1,Rajesh's Cost,customers
Antwerp1.vrp,496548.91,499147.23,VALID,-0.52%,518042,6000
Antwerp2.vrp,317236.95,322902.77,VALID,-1.75%,330341,7000
Brussels1.vrp,530603.74,532430.29,VALID,-0.34%,551842,15000
Brussels2.vrp,378311.19,386048.28,VALID,-2.00%,393052,16000
CMT4.vrp,1095.38,1140.42,VALID,-3.95%,1196,150
CMT5.vrp,1423.17,1395.74,VALID,1.97%,1450,199
E-n101-k14.vrp,1143.45,1139.07,VALID,0.38%,1231,100
E-n101-k8.vrp,877.93,889,VALID,-1.25%,938,100
E-n76-k8.vrp,794.74,794.74,VALID,0.00%,803,75
F-n135-k7.vrp,1230.06,1219.32,VALID,0.88%,1266,134
Flanders1.vrp,7504252.55,7525543.77,VALID,-0.28%,7.71E+06,20000
Flanders2.vrp,4746630.73,4805614.31,VALID,-1.23%,4.89E+06,30000
Ghent1.vrp,489103.04,490783.46,VALID,-0.34%,509294,10000
Ghent2.vrp,283063.63,287180.91,VALID,-1.43%,293836,11000
Golden_10.vrp,816.26,838.92,VALID,-2.70%,826,323
Golden_11.vrp,1021.55,1052.12,VALID,-2.91%,1034,399
Golden_12.vrp,1217.13,1270.98,VALID,-4.24%,1257,483
Golden_13.vrp,947.93,952.74,VALID,-0.50%,1058,252
Golden_14.vrp,1181.35,1221.69,VALID,-3.30%,1370,320
Golden_15.vrp,1446.89,1512.66,VALID,-4.35%,1753,396
Golden_16.vrp,1769.43,1774.68,VALID,-0.30%,2068,480
Golden_17.vrp,756.31,765.65,VALID,-1.22%,789,240
Golden_18.vrp,1075.44,1067.77,VALID,0.72%,1135,300
Golden_19.vrp,1464.4,1461.23,VALID,0.22%,1592,360
Golden_20.vrp,1948.5,1964.38,VALID,-0.81%,2114,420
Golden_9.vrp,638.9,663.57,VALID,-3.72%,653,255
Leuven1.vrp,200506.41,200971.28,VALID,-0.23%,209298,3000
Leuven2.vrp,124432.56,125267.25,VALID,-0.67%,127235,4000
P-n101-k4.vrp,771.95,765.38,VALID,0.86%,772,100
tai385.vrp,25722.36,25342.98,VALID,1.50%,29124,385
X-n1001-k43.vrp,77504.23,77734.53,VALID,-0.30%,80748,1000
X-n101-k25.vrp,29023.84,28941.98,VALID,0.28%,30068,100
X-n106-k14.vrp,27872.21,27275.77,VALID,2.19%,27518,105
X-n110-k13.vrp,15928.9,15865,VALID,0.40%,16360,109
X-n115-k10.vrp,13651.02,13493.32,VALID,1.17%,14909,114
X-n120-k6.vrp,14880.39,14539.78,VALID,2.34%,15143,119
X-n125-k30.vrp,58275.3,58827.87,VALID,-0.94%,61271,124
X-n129-k18.vrp,29962.41,30298.82,VALID,-1.11%,31021,128
X-n134-k13.vrp,11651.37,11520.67,VALID,1.13%,11880,133
X-n139-k10.vrp,14672.49,14534.91,VALID,0.95%,14670,138
X-n143-k7.vrp,17717.1,17768.17,VALID,-0.29%,17604,142
X-n148-k46.vrp,45150.1,45150.1,VALID,0.00%,49235,147
X-n153-k22.vrp,22642.31,22642.29,VALID,0.00%,25859,152
X-n157-k13.vrp,18022.58,17897.97,VALID,0.70%,17931,156
X-n162-k11.vrp,15025.22,15486.67,VALID,-2.98%,16498,161
X-n167-k10.vrp,22015.01,22171.53,VALID,-0.71%,22747,166
X-n172-k51.vrp,48289.52,48233.38,VALID,0.12%,51099,171
X-n176-k26.vrp,52552.42,52552.42,VALID,0.00%,58257,175
X-n181-k23.vrp,26417.16,26543.05,VALID,-0.47%,26820,180
X-n186-k15.vrp,25611.43,25577.53,VALID,0.13%,26760,185
X-n190-k8.vrp,17980.29,18024.26,VALID,-0.24%,18305,189
X-n195-k51.vrp,45725.84,45700.49,VALID,0.06%,50172,194
X-n200-k36.vrp,61208.11,61187.02,VALID,0.03%,63221,199
X-n204-k19.vrp,21339.34,21377.71,VALID,-0.18%,22395,203
X-n209-k16.vrp,32959.92,32414.14,VALID,1.68%,33484,208
X-n214-k11.vrp,11871.22,11996.93,VALID,-1.05%,12848,213
X-n219-k73.vrp,118368.8,118368.8,VALID,0.00%,119399,218
X-n223-k34.vrp,42357.7,42132.1,VALID,0.54%,44427,222
X-n228-k23.vrp,27460.37,27020.4,VALID,1.63%,30952,227
X-n233-k16.vrp,20817.68,20376.67,VALID,2.16%,22379,232
X-n237-k14.vrp,29383.27,29853.07,VALID,-1.57%,30141,236
X-n242-k48.vrp,85490.42,85023.57,VALID,0.55%,92214,241
X-n247-k50.vrp,40739.43,40826.83,VALID,-0.21%,46737,246
X-n251-k28.vrp,41120.64,40680.17,VALID,1.08%,42578,250
X-n256-k16.vrp,20952.33,20802.21,VALID,0.72%,20923,255
X-n261-k13.vrp,28915.37,29006.53,VALID,-0.31%,30148,260
X-n266-k58.vrp,78995.47,78995.15,VALID,0.00%,83156,265
X-n270-k35.vrp,37252.95,37145.04,VALID,0.29%,39114,269
X-n275-k28.vrp,22587.64,22469.68,VALID,0.52%,23203,274
X-n280-k17.vrp,35422.26,36280.17,VALID,-2.36%,38500,279
X-n284-k15.vrp,22052.08,22080.72,VALID,-0.13%,22553,283
X-n289-k60.vrp,98423.19,98228.2,VALID,0.20%,105110,288
X-n294-k50.vrp,48533.57,48462.81,VALID,0.15%,53606,293
X-n298-k31.vrp,36221.06,36088.61,VALID,0.37%,38529,297
X-n303-k21.vrp,23666.16,23728.97,VALID,-0.26%,24308,302
X-n308-k13.vrp,28337,28592.99,VALID,-0.90%,31009,307
X-n313-k71.vrp,97694.96,97708.11,VALID,-0.01%,105342,312
X-n317-k53.vrp,79695.45,79908.15,VALID,-0.27%,80327,316
X-n322-k28.vrp,31760.86,31892.01,VALID,-0.41%,33687,321
X-n327-k20.vrp,30207.71,29894.7,VALID,1.05%,30871,326
X-n331-k15.vrp,33197.18,34351.22,VALID,-3.36%,34983,330
X-n336-k84.vrp,144743.61,144673.39,VALID,0.05%,155181,335
X-n344-k43.vrp,44354.51,44676.29,VALID,-0.72%,46935,343
X-n351-k40.vrp,27276.9,27069.14,VALID,0.77%,29557,350
X-n359-k29.vrp,53580.59,53501.96,VALID,0.15%,56899,358
X-n367-k17.vrp,25228.44,25265.96,VALID,-0.15%,26654,366
X-n376-k94.vrp,149336.15,149217.91,VALID,0.08%,150915,375
X-n384-k52.vrp,68597.38,68544.9,VALID,0.08%,72164,383
X-n393-k38.vrp,40438.9,40900.76,VALID,-1.13%,42347,392
X-n401-k29.vrp,68324.1,68441.11,VALID,-0.17%,71021,400
X-n411-k19.vrp,22326.03,21463.19,VALID,4.02%,23333,410
X-n420-k130.vrp,113531.87,112875.07,VALID,0.58%,123077,419
X-n429-k61.vrp,68405.69,69016.49,VALID,-0.89%,71992,428
X-n439-k37.vrp,38691.98,38474.99,VALID,0.56%,41002,438
X-n449-k29.vrp,57974.94,58602.46,VALID,-1.07%,61302,448
X-n459-k26.vrp,26479.17,26245.78,VALID,0.89%,27417,458
X-n469-k138.vrp,235493.22,235493.22,VALID,0.00%,248400,468
X-n480-k70.vrp,92949.87,93105.51,VALID,-0.17%,96991,479
X-n491-k59.vrp,69228.64,68906.95,VALID,0.47%,73997,490
X-n502-k39.vrp,71372.84,71804.05,VALID,-0.60%,71872,501
X-n513-k21.vrp,26943.1,27101.94,VALID,-0.59%,28195,512
X-n524-k153.vrp,164485.06,164485.06,VALID,0.00%,191282,523
X-n536-k96.vrp,99901.42,99976.22,VALID,-0.07%,103955,535
X-n548-k50.vrp,89551.6,89809.22,VALID,-0.29%,91993,547
X-n561-k42.vrp,45468.61,45646.24,VALID,-0.39%,48525,560
X-n573-k30.vrp,52335.91,53312.92,VALID,-1.83%,56404,572
X-n586-k159.vrp,199702.41,199722.02,VALID,-0.01%,213945,585
X-n599-k92.vrp,112914.79,113090.04,VALID,-0.15%,119025,598
X-n613-k62.vrp,62797.9,62773.63,VALID,0.04%,67560,612
X-n627-k43.vrp,65710.37,65568.95,VALID,0.22%,66518,626
X-n641-k35.vrp,67276.56,68231.73,VALID,-1.40%,69647,640
X-n655-k131.vrp,108219.6,108249.27,VALID,-0.03%,109900,654
X-n670-k130.vrp,158927.75,158715.27,VALID,0.13%,181990,669
X-n685-k75.vrp,71550.89,71523.58,VALID,0.04%,77068,684
X-n701-k44.vrp,85316.98,85458.16,VALID,-0.17%,89480,700
X-n716-k35.vrp,45398.57,45859.06,VALID,-1.00%,47963,715
X-n733-k159.vrp,139405.61,139463.93,VALID,-0.04%,154983,732
X-n749-k98.vrp,79546.01,79596.1,VALID,-0.06%,85918,748
X-n766-k71.vrp,119343.83,120435.49,VALID,-0.91%,139886,765
X-n783-k48.vrp,77079.84,76527.8,VALID,0.72%,80541,782
X-n801-k40.vrp,76721.76,77235.32,VALID,-0.66%,79476,800
X-n819-k171.vrp,167051.92,166589.15,VALID,0.28%,174473,818
X-n837-k142.vrp,201121.21,202067.3,VALID,-0.47%,210166,836
X-n856-k95.vrp,92476.76,92778.55,VALID,-0.33%,94758,855
X-n876-k59.vrp,102713.25,102216.96,VALID,0.49%,107419,875
X-n895-k37.vrp,58532.11,59100.13,VALID,-0.96%,61758,894
X-n916-k207.vrp,344532.42,342914.16,VALID,0.47%,361468,915
X-n936-k151.vrp,146265.83,145934.24,VALID,0.23%,173240,935
X-n957-k87.vrp,89140.28,89469.52,VALID,-0.37%,92442,956
X-n979-k58.vrp,124059.42,123911.35,VALID,0.12%,126977,978