input_file,status,runtime_seconds,Pre_Refine_cost,Refine_cost,Time for MST,Time for Middle part,Time for refinement,Time for Preprocessing,total time,Route Validation
Antwerp1.vrp,SUCCESS,7.64987,547237,519594,0.00999859,7.62644,,0.0134281,7.64987,VALID
Antwerp2.vrp,SUCCESS,8.27983,367328,335166,0.0110689,8.18255,,0.0862107,8.27983,VALID
Brussels1.vrp,SUCCESS,19.6479,615620,563495,0.0336256,19.5436,,0.0707011,19.6479,VALID
Brussels2.vrp,SUCCESS,21.1082,468919,408667,0.026901,20.8351,,0.246157,21.1082,VALID
CMT4.vrp,SUCCESS,0.172529,1341,1213,0.000192533,0.172093,,0.00024398,0.172529,VALID
CMT5.vrp,SUCCESS,0.23467,1761,1618,0.000264482,0.234074,,0.000330617,0.23467,VALID
E-n76-k8.vrp,SUCCESS,0.0892706,865,817,0.000100377,0.0890298,,0.000140351,0.0892706,VALID
E-n101-k8.vrp,SUCCESS,0.121996,1020,921,0.000201511,0.121617,,0.000176684,0.121996,VALID
E-n101-k14.vrp,SUCCESS,0.121833,1299,1222,0.000136166,0.121547,,0.000149699,0.121833,VALID
Flanders1.vrp,SUCCESS,26.4319,8.08E+06,7.73E+06,0.0451294,26.3094,,0.0773883,26.4319,VALID
Flanders2.vrp,SUCCESS,41.1299,5.44E+06,4.95E+06,0.0544962,40.4258,,0.64965,41.1299,VALID
F-n135-k7.vrp,SUCCESS,0.14536,1402,1267,0.000180759,0.144796,,0.000382923,0.14536,VALID
Ghent1.vrp,SUCCESS,12.9506,553671,522104,0.0162367,12.8917,,0.0427098,12.9506,VALID
Ghent2.vrp,SUCCESS,14.2832,344497,301823,0.0258435,14.061,,0.196334,14.2832,VALID
Golden_9.vrp,SUCCESS,0.288106,712,619,0.0002762,0.287003,,0.000826187,0.288106,VALID
Golden_10.vrp,SUCCESS,0.373691,907,792,0.000539025,0.372141,,0.00101046,0.373691,VALID
Golden_11.vrp,SUCCESS,0.450725,1127,946,0.000452603,0.448981,,0.00129096,0.450725,VALID
Golden_12.vrp,SUCCESS,0.556026,1375,1196,0.000567887,0.553486,,0.00197122,0.556026,VALID
Golden_13.vrp,SUCCESS,0.305774,1117,1028,0.000292526,0.305139,,0.000342615,0.305774,VALID
Golden_14.vrp,SUCCESS,0.387853,1418,1295,0.000339811,0.386946,,0.000567155,0.387853,VALID
Golden_15.vrp,SUCCESS,0.490673,1800,1623,0.000424357,0.489416,,0.000832543,0.490673,VALID
Golden_16.vrp,SUCCESS,0.574518,2182,1986,0.000560096,0.572908,,0.00104963,0.574518,VALID
Golden_17.vrp,SUCCESS,0.287772,879,787,0.000321897,0.287131,,0.000318622,0.287772,VALID
Golden_18.vrp,SUCCESS,0.339536,1285,1159,0.000422721,0.338715,,0.000398615,0.339536,VALID
Golden_19.vrp,SUCCESS,0.411641,1752,1581,0.000482371,0.410691,,0.000468312,0.411641,VALID
Golden_20.vrp,SUCCESS,0.486624,2378,2124,0.000555292,0.485532,,0.00053691,0.486624,VALID
Leuven1.vrp,SUCCESS,3.40333,221776,211302,0.00488754,3.39289,,0.0055532,3.40333,VALID
Leuven2.vrp,SUCCESS,5.18618,146054,131448,0.00622872,5.12333,,0.0566197,5.18618,VALID
P-n101-k4.vrp,SUCCESS,0.110531,863,731,0.000131722,0.109949,,0.000449857,0.110531,VALID
random_50000_customers.vrp,SUCCESS,73.7858,84271,77941,0.103469,73.3659,,0.31638,73.7858,VALID
random_100000_customers.vrp,SUCCESS,159.508,158116,147450,0.221898,158.442,,0.843468,159.508,VALID
random_500000_customers.vrp,SUCCESS,1279.66,787050,724531,1.53074,1275.58,,2.55242,1279.66,VALID
random_1000000_customers.vrp,SUCCESS,2769.16,1.68E+06,1.48E+06,3.18267,2761.15,,4.82831,2769.16,VALID
tai385.vrp,SUCCESS,0.470775,29478,28347,0.000528833,0.469602,,0.000644043,0.470775,VALID
X-n101-k25.vrp,SUCCESS,0.117821,30823,30613,0.000137487,0.117618,,6.60E-05,0.117821,VALID
X-n106-k14.vrp,SUCCESS,0.114467,27984,27245,0.000168664,0.114182,,0.00011532,0.114467,VALID
X-n110-k13.vrp,SUCCESS,0.121103,17385,16580,0.000147483,0.120843,,0.000112312,0.121103,VALID
X-n115-k10.vrp,SUCCESS,0.125172,16300,14756,0.000149723,0.124804,,0.000217842,0.125172,VALID
X-n120-k6.vrp,SUCCESS,0.13629,16349,15229,0.000214265,0.135821,,0.00025422,0.13629,VALID
X-n125-k30.vrp,SUCCESS,0.148543,62069,61228,0.000169023,0.148276,,9.78E-05,0.148543,VALID
X-n129-k18.vrp,SUCCESS,0.140992,32372,31369,0.000166647,0.140701,,0.000123922,0.140992,VALID
X-n134-k13.vrp,SUCCESS,0.148209,12681,11992,0.000181306,0.147794,,0.000233346,0.148209,VALID
X-n139-k10.vrp,SUCCESS,0.157356,16321,14711,0.000178435,0.156935,,0.000242161,0.157356,VALID
X-n143-k7.vrp,SUCCESS,0.150913,18822,16951,0.000239141,0.150265,,0.000408597,0.150913,VALID
X-n148-k46.vrp,SUCCESS,0.210897,49086,48683,0.000231892,0.210557,,0.000107834,0.210897,VALID
X-n153-k22.vrp,SUCCESS,0.179402,26363,25386,0.000233445,0.178967,,0.000201493,0.179402,VALID
X-n157-k13.vrp,SUCCESS,0.166754,19012,18100,0.000216073,0.166302,,0.000235367,0.166754,VALID
X-n162-k11.vrp,SUCCESS,0.175148,17420,16592,0.000223484,0.174682,,0.000242689,0.175148,VALID
X-n167-k10.vrp,SUCCESS,0.178433,24043,22140,0.000253907,0.17784,,0.000338822,0.178433,VALID
X-n172-k51.vrp,SUCCESS,0.222412,50914,50579,0.000269951,0.222028,,0.000113907,0.222412,VALID
X-n176-k26.vrp,SUCCESS,0.233545,58245,57125,0.000247087,0.233135,,0.000162776,0.233545,VALID
X-n181-k23.vrp,SUCCESS,0.200339,27765,26784,0.000268295,0.199897,,0.000173885,0.200339,VALID
X-n186-k15.vrp,SUCCESS,0.202269,28426,26387,0.000326563,0.201686,,0.000256074,0.202269,VALID
X-n190-k8.vrp,SUCCESS,0.199776,19430,18228,0.000273228,0.198857,,0.000646066,0.199776,VALID
X-n195-k51.vrp,SUCCESS,0.262645,50256,49832,0.000320861,0.262189,,0.00013493,0.262645,VALID
X-n200-k36.vrp,SUCCESS,0.238475,64114,63048,0.000272496,0.238049,,0.000152773,0.238475,VALID
X-n204-k19.vrp,SUCCESS,0.228471,23572,22882,0.000280955,0.227938,,0.000251821,0.228471,VALID
X-n209-k16.vrp,SUCCESS,0.22668,35348,33446,0.000278601,0.226052,,0.000349164,0.22668,VALID
X-n214-k11.vrp,SUCCESS,0.237031,13789,12799,0.000325895,0.236218,,0.000487012,0.237031,VALID
X-n219-k73.vrp,SUCCESS,0.274407,119691,119256,0.000292304,0.274001,,0.0001131,0.274407,VALID
X-n223-k34.vrp,SUCCESS,0.376359,45162,44250,0.000300503,0.375784,,0.000274395,0.376359,VALID
X-n228-k23.vrp,SUCCESS,0.405401,31814,30131,0.000458739,0.4045,,0.000442536,0.405401,VALID
X-n233-k16.vrp,SUCCESS,0.410413,23549,22244,0.000480824,0.409233,,0.000698792,0.410413,VALID
X-n237-k14.vrp,SUCCESS,0.394667,32597,30169,0.000472949,0.393521,,0.000672772,0.394667,VALID
X-n242-k48.vrp,SUCCESS,0.482472,91963,90573,0.000413849,0.481776,,0.000281743,0.482472,VALID
X-n247-k50.vrp,SUCCESS,0.405258,45902,45176,0.000486115,0.404541,,0.000230252,0.405258,VALID
X-n251-k28.vrp,SUCCESS,0.285454,43957,42225,0.000383691,0.284791,,0.000279312,0.285454,VALID
X-n256-k16.vrp,SUCCESS,0.289627,22565,21131,0.00034114,0.288795,,0.000490328,0.289627,VALID
X-n261-k13.vrp,SUCCESS,0.28537,32761,30320,0.000394209,0.284242,,0.000733572,0.28537,VALID
X-n266-k58.vrp,SUCCESS,0.322953,83380,82289,0.000397006,0.322391,,0.000164999,0.322953,VALID
X-n270-k35.vrp,SUCCESS,0.323041,40425,38757,0.000376693,0.322423,,0.000240864,0.323041,VALID
X-n275-k28.vrp,SUCCESS,0.304797,24397,22954,0.000361182,0.304086,,0.000349109,0.304797,VALID
X-n280-k17.vrp,SUCCESS,0.302299,40985,38806,0.00036803,0.301316,,0.000614175,0.302299,VALID
X-n284-k15.vrp,SUCCESS,0.311541,24490,22901,0.000392904,0.310498,,0.000650481,0.311541,VALID
X-n289-k60.vrp,SUCCESS,0.380877,107185,105509,0.000381163,0.38027,,0.000226114,0.380877,VALID
X-n294-k50.vrp,SUCCESS,0.357194,54164,52238,0.00041901,0.356451,,0.000323743,0.357194,VALID
X-n298-k31.vrp,SUCCESS,0.346584,40369,38201,0.00042838,0.345658,,0.00049733,0.346584,VALID
X-n303-k21.vrp,SUCCESS,0.340923,26462,24772,0.000631221,0.339777,,0.000515035,0.340923,VALID
X-n308-k13.vrp,SUCCESS,0.333217,33455,31240,0.000493826,0.331633,,0.00108997,0.333217,VALID
X-n313-k71.vrp,SUCCESS,0.407572,106727,105395,0.000486246,0.406856,,0.000229806,0.407572,VALID
X-n317-k53.vrp,SUCCESS,0.353991,81379,79990,0.000510557,0.353237,,0.000243935,0.353991,VALID
X-n322-k28.vrp,SUCCESS,0.365329,35633,33334,0.000507701,0.364422,,0.000398788,0.365329,VALID
X-n327-k20.vrp,SUCCESS,0.374396,33251,31204,0.000509289,0.373194,,0.000692913,0.374396,VALID
X-n331-k15.vrp,SUCCESS,0.357533,37832,34722,0.000482837,0.35614,,0.000909308,0.357533,VALID
X-n336-k84.vrp,SUCCESS,0.436678,156283,155016,0.000489241,0.435948,,0.00024048,0.436678,VALID
X-n344-k43.vrp,SUCCESS,0.410333,48312,46837,0.000472366,0.409534,,0.000326471,0.410333,VALID
X-n351-k40.vrp,SUCCESS,0.413748,30440,29060,0.000530361,0.412857,,0.000360487,0.413748,VALID
X-n359-k29.vrp,SUCCESS,0.409108,58959,55952,0.000525798,0.40807,,0.000512067,0.409108,VALID
X-n367-k17.vrp,SUCCESS,0.400656,28479,26545,0.000563214,0.398916,,0.0011767,0.400656,VALID
X-n376-k94.vrp,SUCCESS,0.460004,152249,150589,0.000507787,0.459285,,0.000210434,0.460004,VALID
X-n384-k52.vrp,SUCCESS,0.458362,74178,72301,0.00055359,0.457475,,0.000333223,0.458362,VALID
X-n393-k38.vrp,SUCCESS,0.454484,44560,42914,0.000572399,0.45342,,0.000492343,0.454484,VALID
X-n401-k29.vrp,SUCCESS,0.565888,73516,71281,0.000595718,0.563927,,0.00136557,0.565888,VALID
X-n411-k19.vrp,SUCCESS,0.672977,25483,23197,0.00135055,0.670381,,0.00124498,0.672977,VALID
X-n420-k130.vrp,SUCCESS,0.868789,122988,122153,0.000840533,0.867548,,0.000399911,0.868789,VALID
X-n429-k61.vrp,SUCCESS,0.659628,74198,71830,0.00089657,0.65838,,0.000351809,0.659628,VALID
X-n439-k37.vrp,SUCCESS,0.506068,42575,40125,0.000647233,0.504778,,0.000642397,0.506068,VALID
X-n449-k29.vrp,SUCCESS,0.508687,65226,61576,0.000623083,0.507271,,0.000792194,0.508687,VALID
X-n459-k26.vrp,SUCCESS,0.50398,29919,27628,0.000646713,0.501747,,0.00158544,0.50398,VALID
X-n469-k138.vrp,SUCCESS,0.611182,248937,247905,0.000686959,0.610264,,0.00023021,0.611182,VALID
X-n480-k70.vrp,SUCCESS,0.578392,98303,96096,0.000723787,0.577236,,0.000432008,0.578392,VALID
X-n491-k59.vrp,SUCCESS,0.594995,76239,73917,0.000816818,0.593661,,0.00051704,0.594995,VALID
X-n502-k39.vrp,SUCCESS,0.556429,73652,71808,0.000754005,0.554887,,0.000787611,0.556429,VALID
X-n513-k21.vrp,SUCCESS,0.55821,31841,27518,0.000758512,0.55592,,0.00153141,0.55821,VALID
X-n524-k153.vrp,SUCCESS,0.738382,188250,186449,0.000778427,0.737218,,0.000385107,0.738382,VALID
X-n536-k96.vrp,SUCCESS,0.690266,106175,104478,0.00085566,0.688968,,0.000442197,0.690266,VALID
X-n548-k50.vrp,SUCCESS,0.594573,94978,91980,0.000763028,0.593117,,0.000692311,0.594573,VALID
X-n561-k42.vrp,SUCCESS,0.659051,51700,48387,0.000781722,0.657429,,0.000840167,0.659051,VALID
X-n573-k30.vrp,SUCCESS,0.662651,58431,55748,0.000854956,0.660165,,0.00163092,0.662651,VALID
X-n586-k159.vrp,SUCCESS,0.741821,214068,212942,0.000827887,0.740683,,0.000310527,0.741821,VALID
X-n599-k92.vrp,SUCCESS,0.722871,121014,118497,0.000934064,0.721476,,0.00046094,0.722871,VALID
X-n613-k62.vrp,SUCCESS,0.868754,70265,67061,0.000880954,0.866828,,0.00104516,0.868754,VALID
X-n627-k43.vrp,SUCCESS,1.05658,69729,66826,0.00125177,1.05367,,0.00165614,1.05658,VALID
X-n641-k35.vrp,SUCCESS,0.977741,74152,70844,0.0013441,0.97503,,0.00136648,0.977741,VALID
X-n655-k131.vrp,SUCCESS,0.763372,110952,109863,0.000956637,0.761987,,0.000428099,0.763372,VALID
X-n670-k130.vrp,SUCCESS,0.881637,181286,179357,0.000983656,0.880094,,0.000559516,0.881637,VALID
X-n685-k75.vrp,SUCCESS,0.817726,79495,76473,0.00101051,0.815756,,0.000959839,0.817726,VALID
X-n701-k44.vrp,SUCCESS,0.787844,94258,89509,0.00105741,0.785456,,0.00133003,0.787844,VALID
X-n716-k35.vrp,SUCCESS,0.800361,50944,47818,0.00104102,0.797443,,0.00187621,0.800361,VALID
X-n733-k159.vrp,SUCCESS,0.930544,154633,152881,0.00108169,0.928992,,0.000470364,0.930544,VALID
X-n749-k98.vrp,SUCCESS,0.902557,88238,85744,0.0011853,0.900654,,0.000717124,0.902557,VALID
X-n766-k71.vrp,SUCCESS,0.934221,141460,137317,0.00109684,0.931836,,0.00128771,0.934221,VALID
X-n783-k48.vrp,SUCCESS,0.886805,85351,80807,0.00110095,0.883818,,0.00188574,0.886805,VALID
X-n801-k40.vrp,SUCCESS,0.862652,85090,80567,0.00112867,0.859575,,0.00194736,0.862652,VALID
X-n819-k171.vrp,SUCCESS,1.01349,174677,172729,0.00129155,1.01161,,0.000584916,1.01349,VALID
X-n837-k142.vrp,SUCCESS,1.47669,212816,209994,0.00120733,1.47452,,0.000959275,1.47669,VALID
X-n856-k95.vrp,SUCCESS,1.31735,99150,95411,0.00170033,1.3147,,0.000957967,1.31735,VALID
X-n876-k59.vrp,SUCCESS,1.01481,110717,107271,0.001246,1.01195,,0.00161108,1.01481,VALID
X-n895-k37.vrp,SUCCESS,1.01539,66336,60992,0.00126808,1.01158,,0.00254474,1.01539,VALID
X-n916-k207.vrp,SUCCESS,1.12781,362362,359969,0.00139119,1.12586,,0.000553917,1.12781,VALID
X-n936-k151.vrp,SUCCESS,1.20027,170913,168576,0.00145331,1.19802,,0.000802963,1.20027,VALID
X-n957-k87.vrp,SUCCESS,1.07981,96352,92517,0.00143559,1.07714,,0.00124192,1.07981,VALID
X-n979-k58.vrp,SUCCESS,1.08558,131305,126787,0.00139779,1.08136,,0.00282687,1.08558,VALID
X-n1001-k43.vrp,SUCCESS,1.12237,86482,81374,0.00140684,1.11785,,0.00310584,1.12237,VALID
custom_1M.vrp,SUCCESS,2678.16,101470159,101140098,3.324,2672.542,,,,
custom_1_lakh.vrp,SUCCESS,164.4,10301238,10241771,1.42,160.23,,,,
custom_5_lakh.vrp,SUCCESS,1223.45,50819720,50652768,0.2,1217.76,,,,
custom_50k.vrp,SUCCESS,73.7858,5195385,5154759,0.29,70.235,,,,
,,62.60925948,1409719.145,1393839.688,0.07665201516,62.35974615,,,,