Instance,Pre-refine Cost,Pre-Processed Cost,Time for MST,Time for Middle part,Time for Preprocessing,total time,Time for shuffle,Time for ShortCircutTour,Time for Split_convertToVrpRoutes,Time for calCost,STATUS
Antwerp1,552192,519895,0.03,202.94,0.04,203.02,76.64,67.89,25.51,30.12,VALID
Antwerp2,370810,333245,0.04,221.95,0.2,222.19,89,78.76,22.12,30.83,VALID
Brussels1,622238,566195,0.08,513.99,0.19,514.26,191.58,178.75,66.89,71.39,VALID
Brussels2,474235,407742,0.08,527.66,0.74,528.49,203.55,192.72,58.71,70.57,VALID
CMT4,1361,1173,0,5.74,0,5.75,1.96,1.91,0.89,0.83,VALID
CMT5,1765,1604,0,7.54,0,7.55,2.58,2.44,1.22,1.12,VALID
E-n101-k14,1276,1201,0,4.27,0,4.27,1.31,1.34,0.79,0.65,VALID
E-n101-k8,1017,930,0,3.93,0,3.94,1.31,1.33,0.63,0.54,VALID
E-n76-k8,848,816,0,3.22,0,3.23,0.98,1.07,0.6,0.45,VALID
F-n135-k7,1411,1230,0,5.98,0,5.98,2.05,2.07,0.88,0.85,VALID
Flanders1,8125076,7739667,0.11,730.83,0.27,731.22,269.55,263.27,91.98,98.47,VALID
Flanders2,5469828,4974380,0.18,1156.23,2.35,1158.76,434.57,444.27,126.04,148.05,VALID
Ghent1,556280,521060,0.06,388.38,0.1,388.54,145.53,131.86,48.77,56.67,VALID
Ghent2,346465,300256,0.07,404.66,0.7,405.42,160.02,144.99,43.01,55.13,VALID
Golden_10,922,794,0,12.91,0,12.91,4.83,4.41,1.63,1.83,VALID
Golden_11,1136,944,0,15.34,0,15.35,5.75,5.23,1.99,2.15,VALID
Golden_12,1399,1174,0,19.11,0.01,19.12,7.28,6.53,2.35,2.7,VALID
Golden_13,1125,1017,0,11.12,0,11.12,3.81,3.53,1.74,1.71,VALID
Golden_14,1435,1317,0,13.61,0,13.61,4.74,4.38,2.01,2.14,VALID
Golden_15,1809,1607,0,16.88,0,16.88,5.86,5.43,2.6,2.6,VALID
Golden_16,2196,1999,0,20.31,0,20.31,7.22,6.56,2.97,3.12,VALID
Golden_17,874,778,0,10.24,0,10.24,3.48,3.31,1.62,1.54,VALID
Golden_18,1287,1140,0,12.17,0,12.18,4.15,3.99,1.82,1.9,VALID
Golden_19,1752,1547,0,15.56,0,15.56,5.25,4.98,2.54,2.4,VALID
Golden_20,2375,2109,0,17.85,0,17.85,6.11,5.74,2.79,2.77,VALID
Golden_9,703,608,0,10.33,0,10.33,3.8,3.5,1.37,1.48,VALID
Leuven1,223745,212124,0.02,118.61,0.02,118.65,44.26,39.09,15.28,18.06,VALID
Leuven2,147777,130324,0.02,141.72,0.21,141.96,57.52,50.47,13.42,19.73,VALID
P-n101-k4,867,778,0,4.17,0,4.17,1.46,1.49,0.59,0.54,VALID
X-n1001-k43,86908,81212,0.01,38.24,0.01,38.25,14.59,13.09,4.56,5.51,VALID
X-n101-k25,30609,29816,0,5.76,0,5.76,1.51,1.58,1.32,1.01,VALID
X-n106-k14,27965,27191,0,5.18,0,5.19,1.61,1.65,0.94,0.79,VALID
X-n110-k13,17298,16413,0,5.26,0,5.26,1.66,1.7,0.95,0.77,VALID
X-n115-k10,16974,14918,0,5.41,0,5.41,1.76,1.76,0.95,0.76,VALID
X-n120-k6,16244,14998,0,5.18,0,5.19,1.79,1.81,0.78,0.68,VALID
X-n125-k30,61941,61203,0,7.41,0,7.41,1.91,1.91,1.87,1.31,VALID
X-n129-k18,32077,30671,0,6.44,0,6.44,1.97,1.98,1.27,0.96,VALID
X-n134-k13,12595,11886,0,6,0,6,1.96,1.96,1.02,0.87,VALID
X-n139-k10,16550,14567,0,5.76,0,5.77,1.96,1.94,0.92,0.79,VALID
X-n143-k7,19158,17415,0,6.01,0,6.01,2.14,2.1,0.85,0.79,VALID
X-n148-k46,48807,48342,0,8.9,0,8.91,2.2,2.19,2.24,1.72,VALID
X-n153-k22,26666,25547,0,7.54,0,7.54,2.27,2.24,1.47,1.22,VALID
X-n157-k13,18843,17753,0,6.8,0,6.8,2.32,2.28,1.05,0.97,VALID
X-n162-k11,17999,17297,0,6.86,0,6.86,2.38,2.34,1.04,0.94,VALID
X-n167-k10,24349,22628,0,7.11,0,7.11,2.5,2.43,1.07,0.95,VALID
X-n172-k51,50645,50272,0,9.87,0,9.87,2.52,2.44,2.37,1.93,VALID
X-n176-k26,59366,57797,0,9.04,0,9.05,2.66,2.57,1.95,1.48,VALID
X-n181-k23,27771,26778,0,8.67,0,8.67,2.84,2.73,1.5,1.32,VALID
X-n186-k15,28323,26402,0,8.28,0,8.28,2.88,2.78,1.23,1.18,VALID
X-n190-k8,19301,18334,0,8.08,0,8.08,2.97,2.82,1.06,1.09,VALID
X-n195-k51,50590,49733,0,11.46,0,11.46,3.08,2.92,2.61,2.16,VALID
X-n200-k36,63925,62972,0,9.77,0,9.77,2.87,2.76,2.09,1.64,VALID
X-n204-k19,23532,21962,0,8.83,0,8.84,3.02,2.86,1.45,1.27,VALID
X-n209-k16,35691,33420,0,8.92,0,8.93,3.16,2.99,1.29,1.27,VALID
X-n214-k11,13858,12745,0,9.03,0,9.03,3.27,3.06,1.26,1.26,VALID
X-n219-k73,119540,119181,0,12.82,0,12.82,3.31,3.13,3.33,2.31,VALID
X-n223-k34,45595,43846,0,10.87,0,10.88,3.36,3.16,2.19,1.76,VALID
X-n228-k23,32177,30577,0,10,0,10,3.35,3.13,1.67,1.53,VALID
X-n233-k16,23917,22087,0,10.3,0,10.3,3.65,3.37,1.6,1.44,VALID
X-n237-k14,32513,29935,0,10.12,0,10.12,3.69,3.44,1.39,1.41,VALID
X-n242-k48,91549,90286,0,12.71,0,12.71,3.75,3.52,2.63,2.23,VALID
X-n247-k50,47362,46172,0,13.76,0,13.77,3.77,3.51,3.25,2.48,VALID
X-n251-k28,43886,41874,0,10.78,0,10.78,3.68,3.41,1.72,1.64,VALID
X-n256-k16,22779,21074,0,10.85,0,10.86,3.88,3.59,1.63,1.53,VALID
X-n261-k13,32611,29989,0,10.73,0,10.73,3.94,3.7,1.41,1.49,VALID
X-n266-k58,83530,82210,0,14.07,0,14.07,4.04,3.89,3.03,2.45,VALID
X-n270-k35,40324,38617,0,12.35,0,12.35,3.94,3.79,2.28,1.94,VALID
X-n275-k28,24361,23061,0,12.3,0,12.3,4.23,3.97,1.91,1.86,VALID
X-n280-k17,41888,38686,0,11.88,0,11.89,4.23,3.97,1.75,1.68,VALID
X-n284-k15,24783,22650,0,11.85,0,11.85,4.36,4.07,1.53,1.67,VALID
X-n289-k60,106569,104682,0,15.38,0,15.38,4.34,4.17,3.53,2.64,VALID
X-n294-k50,54960,53146,0,14.53,0,14.53,4.43,4.28,2.76,2.46,VALID
X-n298-k31,40740,38655,0,13.52,0,13.52,4.5,4.25,2.33,2.05,VALID
X-n303-k21,26479,24141,0,13.01,0,13.02,4.63,4.34,1.87,1.9,VALID
X-n308-k13,33606,30455,0,12.31,0,12.31,4.61,4.24,1.57,1.69,VALID
X-n313-k71,106553,104806,0,16.96,0,16.96,4.71,4.48,3.91,3.04,VALID
X-n317-k53,81164,80137,0,15.02,0,15.02,4.77,4.49,2.72,2.49,VALID
X-n322-k28,35726,33302,0,14.03,0,14.04,4.92,4.62,2.04,2.1,VALID
X-n327-k20,33401,30722,0,13.15,0,13.15,4.78,4.42,1.84,1.86,VALID
X-n331-k15,38102,34630,0,13.5,0,13.5,5.08,4.67,1.68,1.86,VALID
X-n336-k84,155618,153780,0,19.06,0,19.07,5.18,5,4.35,3.55,VALID
X-n344-k43,48647,46161,0,15.52,0,15.52,5.08,4.76,2.72,2.47,VALID
X-n351-k40,30634,28997,0,15.98,0,15.99,5.3,4.98,2.7,2.53,VALID
X-n359-k29,59377,56379,0,15.56,0,15.57,5.52,5.15,2.19,2.33,VALID
X-n367-k17,28972,26609,0,15.26,0,15.27,5.64,5.17,2.06,2.14,VALID
X-n376-k94,151890,150544,0,18.96,0,18.97,5.49,5.14,4.05,3.39,VALID
X-n384-k52,73892,71241,0,17.76,0,17.76,5.83,5.46,3,2.88,VALID
X-n393-k38,44762,42202,0,17.46,0,17.46,6,5.58,2.77,2.66,VALID
X-n401-k29,73499,70941,0,16.35,0,16.36,5.91,5.43,2.23,2.44,VALID
X-n411-k19,25896,23427,0,16.82,0.01,16.83,6.24,5.71,2.2,2.39,VALID
X-n420-k130,123258,122401,0,25.32,0,25.33,6.35,5.83,6.62,4.87,VALID
X-n429-k61,74681,71775,0,19.96,0,19.96,6.36,5.95,3.81,3.18,VALID
X-n439-k37,43319,40271,0,18.78,0,18.78,6.62,6.09,2.86,2.79,VALID
X-n449-k29,65429,61135,0,18.58,0,18.59,6.8,6.23,2.44,2.74,VALID
X-n459-k26,29821,27437,0,18.01,0,18.02,6.7,6.07,2.34,2.6,VALID
X-n469-k138,248212,247171,0,26.6,0,26.6,6.99,6.43,6.58,5,VALID
X-n480-k70,98693,96144,0,22.17,0,22.18,7.11,6.56,4.18,3.58,VALID
X-n491-k59,77133,73721,0,22.08,0,22.09,7.42,6.89,3.51,3.61,VALID
X-n502-k39,73758,72164,0,20.76,0,20.76,7.47,6.77,3.01,3.08,VALID
X-n513-k21,32315,28202,0,19.93,0.01,19.94,7.56,6.9,2.41,2.79,VALID
X-n524-k153,191908,189889,0,31.27,0,31.27,7.9,7.49,7.82,6.17,VALID
X-n536-k96,106486,104109,0,25.76,0,25.77,8,7.39,4.87,4.48,VALID
X-n548-k50,95453,91624,0,23.1,0,23.11,8.18,7.5,3.38,3.51,VALID
X-n561-k42,52332,48462,0,23.03,0,23.04,8.29,7.58,3.28,3.41,VALID
X-n573-k30,58722,55658,0,24.26,0.01,24.27,8.93,8.1,3.26,3.56,VALID
X-n586-k159,213773,212233,0,32.23,0,32.24,8.79,8.22,7.47,6.04,VALID
X-n599-k92,121611,118596,0,28.88,0,28.89,9.25,8.61,5.2,4.82,VALID
X-n613-k62,71127,67170,0,27.1,0,27.1,9.29,8.48,4.51,4.14,VALID
X-n627-k43,69533,66211,0,26.35,0,26.36,9.57,8.74,3.62,3.93,VALID
X-n641-k35,74258,69339,0,25.57,0.01,25.58,9.5,8.59,3.39,3.69,VALID
X-n655-k131,110919,109543,0,32.62,0,32.63,9.85,9.03,6.91,5.54,VALID
X-n670-k130,184353,181411,0,33.73,0,33.74,9.6,9.02,7.47,6.12,VALID
X-n685-k75,80203,76563,0,29.59,0,29.59,10,9.18,4.9,4.71,VALID
X-n701-k44,94563,88565,0,28.71,0.01,28.72,10.6,9.56,3.81,4.23,VALID
X-n716-k35,51146,47342,0,28.16,0.01,28.17,10.51,9.56,3.59,4.09,VALID
X-n733-k159,156420,153657,0,38.01,0,38.01,11.05,10.24,8.12,6.87,VALID
X-n749-k98,88780,85421,0,32.96,0,32.97,10.91,10.05,5.54,5.44,VALID
X-n766-k71,144452,139752,0,33.73,0.01,33.74,11.52,10.49,5.42,5.39,VALID
X-n783-k48,86027,80699,0,31.93,0.01,31.94,11.87,10.64,4.12,4.73,VALID
X-n801-k40,85454,79580,0,30.95,0.01,30.96,11.72,10.48,3.9,4.41,VALID
X-n819-k171,175763,173871,0,41.84,0,41.84,12.56,11.49,8.47,7.49,VALID
X-n837-k142,213406,209746,0,39.06,0,39.07,12.23,11.16,7.65,6.61,VALID
X-n856-k95,99404,95352,0,36.5,0,36.51,12.76,11.42,5.65,5.76,VALID
X-n876-k59,111455,107286,0,35.78,0.01,35.79,13.13,11.91,4.67,5.42,VALID
X-n895-k37,67852,62323,0,34.56,0.01,34.57,13.26,11.79,4.18,4.9,VALID
X-n916-k207,363370,360513,0.01,45.52,0,45.53,13.54,12.38,9.12,8.36,VALID
X-n936-k151,176265,172069,0.01,45.55,0,45.56,13.78,12.67,9.07,8.15,VALID
X-n957-k87,96530,91875,0,39.74,0,39.75,14.22,12.72,5.83,6.1,VALID
X-n979-k58,131646,126712,0.01,38.08,0.01,38.1,14.19,12.74,4.78,5.75,VALID
custom_50k,5187399,5147083,0.29,2072.36,0.17,2072.81,634.61,663.73,356.83,350.29,VALID
random_50000_customers,84781,78206,0.33,2035.53,0.98,2036.85,734.94,769.39,237.76,282.66,VALID
tai385,30561,29130,0,17.74,0,17.74,5.82,5.38,3.02,2.94,VALID